Tenure,WarehouseToHome,NumberOfDeviceRegistered,PreferedOrderCat,SatisfactionScore,MaritalStatus,NumberOfAddress,Complain,DaySinceLastOrder,CashbackAmount
5.0,12.0,4,Mobile Phone,4,Married,3,0,3.0,152.89
1.0,16.0,4,Mobile Phone,4,Married,8,0,3.0,145.24
3.0,7.0,3,Mobile Phone,4,Married,2,0,7.0,137.48
1.0,16.0,5,Laptop & Accessory,5,Single,9,0,4.0,159.07
1.0,9.0,4,Mobile Phone,5,Married,2,0,3.0,155.41
9.0,17.0,3,Mobile,4,Married,2,0,2.0,122.44
1.0,7.0,6,Laptop & Accessory,4,Single,8,0,1.0,192.35
16.0,7.0,5,Laptop & Accessory,1,Married,11,1,3.0,185.62
4.0,7.0,5,Fashion,3,Single,3,0,3.0,209.74
5.0,15.0,2,Mobile Phone,4,Single,11,0,3.0,146.09
28.0,10.0,3,Laptop & Accessory,3,Divorced,1,1,2.0,140.35
1.0,9.0,5,Mobile Phone,1,Single,3,0,1.0,136.02
16.0,32.0,3,Grocery,1,Married,2,1,12.0,269.59
18.0,13.0,3,Mobile Phone,3,Married,5,1,2.0,144.77
14.0,13.0,3,Mobile,3,Divorced,10,1,7.0,124.61
17.0,21.0,4,Grocery,5,Married,8,0,1.0,296.59
11.0,29.0,4,Fashion,3,Single,1,0,8.0,195.26
12.0,30.0,4,Grocery,1,Married,1,0,3.0,220.31
2.0,22.0,4,Mobile Phone,3,Married,3,0,3.0,147.07
3.0,26.0,3,Laptop & Accessory,5,Divorced,1,0,2.0,199.57
1.0,8.0,6,Laptop & Accessory,4,Single,8,0,1.0,192.35
24.0,7.0,4,Grocery,1,Married,11,0,4.0,298.99
5.0,14.0,4,Laptop & Accessory,4,Married,2,1,9.0,152.28
14.0,6.0,4,Others,3,Divorced,2,0,10.0,291.89
1.0,12.0,4,Mobile Phone,4,Single,3,1,1.0,143.78
6.0,8.0,4,Fashion,1,Married,3,0,3.0,229.22
3.0,16.0,5,Mobile Phone,1,Single,2,0,3.0,164.83
5.0,30.0,5,Laptop & Accessory,2,Divorced,2,0,9.0,180.82
2.0,6.0,3,Fashion,2,Divorced,2,0,1.0,179.18
5.0,14.0,5,Fashion,3,Divorced,3,0,3.0,214.43
9.0,9.0,3,Mobile Phone,2,Divorced,2,0,0.0,117.06
26.0,8.0,3,Grocery,3,Married,7,0,2.0,248.52
11.0,12.0,4,Mobile Phone,3,Married,2,0,4.0,137.02
11.0,17.0,4,Mobile Phone,5,Married,2,1,4.0,152.82
10.0,8.0,3,Laptop & Accessory,3,Divorced,5,1,0.0,196.02
12.0,36.0,4,Laptop & Accessory,1,Single,3,0,10.0,149.06
1.0,13.0,4,Mobile Phone,2,Divorced,3,1,3.0,151.59
16.0,9.0,4,Others,3,Married,7,0,15.0,313.8
11.0,13.0,1,Mobile,3,Married,2,0,3.0,126.1
9.0,23.0,5,Mobile,3,Married,2,0,2.0,123.05
14.0,7.0,4,Laptop & Accessory,3,Married,9,0,2.0,192.28
22.0,9.0,4,Laptop & Accessory,5,Married,5,0,2.0,147.89
22.0,9.0,4,Laptop & Accessory,1,Married,4,0,8.0,165.51
9.0,6.0,4,Mobile,4,Single,2,1,2.0,120.7
19.0,9.0,5,Grocery,1,Married,11,0,9.0,292.92
13.0,8.0,1,Laptop & Accessory,4,Married,2,0,7.0,142.44
1.0,18.0,4,Mobile Phone,4,Divorced,3,0,3.0,147.44
5.0,19.0,3,Laptop & Accessory,2,Married,3,0,3.0,144.03
14.0,7.0,4,Grocery,5,Married,4,0,17.0,293.23
19.0,20.0,3,Mobile Phone,4,Divorced,10,1,3.0,149.63
7.0,14.0,4,Laptop & Accessory,5,Married,2,0,4.0,168.73
5.0,9.0,5,Laptop & Accessory,5,Married,5,0,1.0,189.1
0.0,13.0,4,Mobile,5,Single,2,1,0.0,126.0
1.0,10.0,4,Mobile Phone,1,Single,3,1,1.0,140.69
2.0,16.0,4,Laptop & Accessory,1,Single,3,0,8.0,177.53
10.0,6.0,4,Laptop & Accessory,2,Divorced,2,0,11.0,164.74
3.0,17.0,4,Mobile Phone,3,Single,3,0,1.0,151.42
11.0,10.0,4,Laptop & Accessory,4,Single,5,0,2.0,166.07
1.0,10.0,5,Mobile Phone,3,Single,3,0,3.0,155.33
8.0,16.0,5,Fashion,4,Single,3,0,3.0,211.21
1.0,31.0,4,Mobile Phone,4,Married,3,1,1.0,149.08
0.0,6.0,4,Fashion,3,Divorced,6,0,7.0,206.09
22.0,13.0,4,Fashion,3,Single,9,0,0.0,145.0
6.0,7.0,5,Mobile Phone,4,Married,8,0,3.0,148.32
1.0,11.0,2,Laptop & Accessory,4,Married,3,1,4.0,186.42
11.0,8.0,3,Laptop & Accessory,3,Divorced,10,0,0.0,165.53
9.0,6.0,3,Mobile,5,Married,5,0,2.0,121.94
0.0,10.0,4,Laptop & Accessory,5,Divorced,2,0,3.0,142.56
2.0,23.0,4,Fashion,5,Single,2,0,9.0,179.88
30.0,35.0,4,Grocery,2,Married,4,0,0.0,241.18
28.0,8.0,4,Mobile,1,Married,9,0,4.0,126.62
6.0,9.0,4,Mobile Phone,4,Divorced,3,0,8.0,148.7
7.0,6.0,4,Fashion,5,Married,10,0,6.0,204.82
27.0,15.0,3,Laptop & Accessory,3,Married,4,0,3.0,128.97
15.0,8.0,3,Fashion,1,Married,3,1,9.0,201.24
10.0,31.0,4,Laptop & Accessory,4,Divorced,9,0,9.0,181.74
16.0,15.0,4,Others,1,Married,3,0,10.0,309.3
15.0,7.0,4,Laptop & Accessory,5,Married,2,0,8.0,166.03
10.0,31.0,3,Laptop & Accessory,3,Divorced,4,1,7.0,144.49
28.0,8.0,3,Grocery,1,Single,3,1,2.0,266.59
21.0,9.0,2,Grocery,4,Married,8,0,3.0,284.72
4.0,8.0,5,Mobile,2,Married,5,1,0.0,127.78
4.0,13.0,3,Laptop & Accessory,1,Married,4,0,7.0,159.15
20.0,22.0,1,Laptop & Accessory,3,Married,2,1,7.0,150.67
23.0,6.0,3,Grocery,1,Married,10,0,3.0,273.99
9.0,6.0,5,Mobile Phone,3,Single,2,0,0.0,113.59
23.0,6.0,4,Mobile Phone,3,Divorced,3,0,2.0,136.9
0.0,13.0,3,Mobile,3,Single,2,1,7.0,123.94
18.0,8.0,4,Laptop & Accessory,1,Married,2,0,9.0,157.7
17.0,9.0,3,Others,2,Divorced,5,1,1.0,295.13
2.0,34.0,6,Laptop & Accessory,5,Married,2,0,1.0,173.77
3.0,13.0,5,Mobile Phone,4,Married,3,0,1.0,153.04
1.0,10.0,4,Laptop & Accessory,3,Single,11,0,1.0,170.77
13.0,27.0,4,Laptop & Accessory,1,Married,4,0,3.0,166.27
0.0,6.0,3,Laptop & Accessory,4,Married,2,0,4.0,163.97
13.0,20.0,5,Grocery,4,Married,8,1,3.0,296.23
10.0,7.0,4,Laptop & Accessory,2,Single,6,0,1.0,191.53
21.0,9.0,4,Laptop & Accessory,4,Married,9,0,1.0,174.78
4.0,13.0,5,Laptop & Accessory,2,Divorced,2,0,8.0,171.27
15.0,8.0,4,Laptop & Accessory,1,Single,4,0,0.0,167.81
15.0,12.0,2,Mobile Phone,3,Married,4,1,4.0,146.27
8.0,8.0,5,Fashion,3,Married,3,1,7.0,195.83
13.0,12.0,3,Grocery,1,Single,2,1,7.0,264.37
28.0,14.0,4,Grocery,4,Married,2,1,0.0,235.77
9.0,13.0,4,Mobile,4,Married,2,0,1.0,121.41
0.0,26.0,5,Laptop & Accessory,3,Married,4,1,2.0,145.59
0.0,12.0,4,Mobile,2,Single,2,1,0.0,129.26
0.0,6.0,5,Laptop & Accessory,4,Single,7,0,0.0,167.35
3.0,11.0,3,Fashion,1,Married,3,0,4.0,194.19
13.0,10.0,3,Others,3,Divorced,2,0,9.0,290.33
1.0,15.0,5,Mobile Phone,4,Single,3,0,1.0,137.61
24.0,9.0,4,Others,3,Divorced,4,1,8.0,317.37
3.0,6.0,5,Mobile Phone,3,Divorced,4,0,2.0,138.33
9.0,20.0,3,Mobile Phone,3,Single,2,0,0.0,115.14
22.0,10.0,4,Others,3,Divorced,3,0,0.0,287.11
0.0,10.0,5,Fashion,2,Divorced,2,0,8.0,204.0
9.0,13.0,1,Laptop & Accessory,1,Married,5,0,3.0,125.71
7.0,6.0,4,Fashion,3,Divorced,2,1,6.0,170.83
15.0,14.0,4,Laptop & Accessory,3,Single,8,0,2.0,175.03
9.0,16.0,3,Mobile,4,Married,2,0,2.0,122.97
17.0,9.0,4,Laptop & Accessory,1,Married,3,0,8.0,181.75
16.0,16.0,5,Others,1,Single,10,0,2.0,321.13
2.0,25.0,3,Laptop & Accessory,2,Married,5,0,2.0,142.62
26.0,13.0,4,Fashion,1,Married,8,1,3.0,209.34
6.0,14.0,3,Laptop & Accessory,5,Married,3,0,2.0,163.92
0.0,22.0,1,Laptop & Accessory,3,Married,4,0,7.0,152.94
9.0,8.0,4,Laptop & Accessory,1,Single,2,0,8.0,138.86
4.0,17.0,4,Fashion,3,Single,11,0,3.0,221.67
1.0,29.0,4,Mobile Phone,3,Divorced,6,1,2.0,146.32
7.0,35.0,4,Laptop & Accessory,3,Married,3,1,8.0,177.07
3.0,9.0,4,Mobile Phone,4,Divorced,2,0,3.0,156.8
0.0,12.0,4,Mobile,1,Single,2,1,0.0,129.26
11.0,7.0,3,Laptop & Accessory,1,Married,8,0,9.0,147.35
8.0,14.0,4,Mobile Phone,1,Single,3,0,1.0,154.72
1.0,19.0,4,Mobile Phone,1,Single,3,0,5.0,151.47
2.0,8.0,3,Laptop & Accessory,1,Single,2,0,9.0,145.54
29.0,9.0,4,Grocery,1,Single,4,1,3.0,291.59
1.0,35.0,5,Laptop & Accessory,3,Married,4,0,3.0,211.39
29.0,6.0,3,Laptop & Accessory,3,Married,2,0,9.0,163.06
24.0,8.0,5,Laptop & Accessory,4,Married,6,0,2.0,154.82
17.0,10.0,1,Others,5,Married,2,0,13.0,291.9
25.0,33.0,4,Grocery,3,Divorced,4,0,18.0,288.07
9.0,16.0,4,Mobile Phone,4,Single,2,1,0.0,118.59
0.0,15.0,3,Mobile,5,Single,3,1,0.0,131.72
1.0,10.0,4,Mobile Phone,5,Single,7,1,5.0,151.57
0.0,21.0,4,Mobile Phone,5,Married,1,0,3.0,147.74
30.0,7.0,5,Fashion,1,Married,4,0,0.0,208.83
8.0,9.0,5,Laptop & Accessory,5,Married,8,0,10.0,184.57
10.0,17.0,4,Fashion,3,Divorced,5,0,8.0,195.94
6.0,10.0,4,Fashion,1,Single,5,0,8.0,236.59
1.0,7.0,4,Mobile Phone,2,Single,3,1,9.0,151.86
10.0,9.0,5,Fashion,3,Divorced,3,0,1.0,200.96
2.0,9.0,3,Laptop & Accessory,3,Divorced,2,0,2.0,155.61
23.0,14.0,3,Mobile Phone,4,Divorced,8,0,2.0,138.75
9.0,7.0,3,Mobile,3,Married,1,0,3.0,120.64
0.0,15.0,3,Laptop & Accessory,5,Single,4,1,3.0,182.24
10.0,17.0,4,Fashion,5,Married,9,1,8.0,208.21
19.0,9.0,3,Grocery,3,Married,4,0,9.0,274.65
1.0,10.0,5,Mobile Phone,3,Single,3,0,1.0,157.3
1.0,17.0,4,Laptop & Accessory,1,Single,3,0,3.0,171.84
24.0,9.0,3,Grocery,4,Single,4,0,0.0,237.34
12.0,7.0,3,Laptop & Accessory,2,Single,2,0,9.0,201.25
5.0,7.0,6,Laptop & Accessory,3,Divorced,2,0,5.0,168.45
8.0,14.0,3,Mobile Phone,3,Single,2,0,4.0,143.23
1.0,7.0,4,Mobile Phone,4,Single,3,0,2.0,145.96
9.0,14.0,4,Mobile Phone,3,Married,3,0,1.0,149.04
11.0,9.0,3,Mobile,3,Divorced,4,0,2.0,128.21
6.0,11.0,5,Laptop & Accessory,3,Married,3,0,9.0,186.62
1.0,15.0,2,Laptop & Accessory,4,Married,2,0,3.0,173.51
4.0,18.0,3,Mobile Phone,1,Married,9,1,2.0,139.29
8.0,13.0,4,Mobile,3,Married,1,0,2.0,124.3
1.0,11.0,3,Laptop & Accessory,1,Single,2,0,2.0,149.08
8.0,33.0,3,Laptop & Accessory,3,Married,3,0,7.0,168.83
21.0,32.0,4,Fashion,3,Single,4,0,3.0,211.33
15.0,13.0,1,Laptop & Accessory,4,Divorced,7,1,0.0,123.72
15.0,13.0,4,Mobile,5,Married,1,1,8.0,125.93
17.0,14.0,4,Fashion,5,Married,10,0,3.0,224.85
1.0,26.0,3,Laptop & Accessory,2,Single,10,1,5.0,178.04
0.0,13.0,3,Mobile,3,Divorced,2,0,2.0,126.1
9.0,24.0,4,Laptop & Accessory,5,Married,5,1,3.0,214.66
21.0,8.0,2,Laptop & Accessory,4,Divorced,4,0,2.0,181.2
1.0,16.0,3,Mobile Phone,4,Married,2,0,0.0,110.52
23.0,6.0,3,Others,1,Married,4,0,6.0,295.17
10.0,15.0,4,Laptop & Accessory,2,Married,6,0,8.0,175.79
0.0,7.0,4,Laptop & Accessory,5,Married,2,0,7.0,197.14
1.0,9.0,4,Mobile Phone,5,Married,9,0,8.0,152.07
8.0,13.0,3,Mobile,1,Married,2,0,2.0,125.72
0.0,13.0,3,Mobile,5,Single,2,0,0.0,125.52
1.0,8.0,4,Mobile,4,Divorced,1,0,4.0,132.01
7.0,8.0,3,Laptop & Accessory,5,Single,1,1,2.0,145.38
3.0,13.0,3,Laptop & Accessory,5,Married,8,0,2.0,147.79
3.0,16.0,5,Mobile Phone,2,Single,2,0,3.0,164.83
11.0,34.0,2,Laptop & Accessory,3,Single,6,1,4.0,188.97
9.0,28.0,4,Laptop & Accessory,2,Divorced,3,1,8.0,165.14
1.0,15.0,6,Mobile Phone,3,Married,3,0,3.0,171.21
20.0,20.0,3,Laptop & Accessory,5,Single,3,0,7.0,149.6
9.0,6.0,4,Fashion,5,Married,3,0,3.0,215.69
19.0,13.0,4,Fashion,5,Married,6,1,1.0,257.45
1.0,13.0,3,Laptop & Accessory,5,Single,1,0,3.0,148.98
1.0,12.0,4,Mobile,2,Single,3,0,1.0,135.51
8.0,9.0,4,Laptop & Accessory,3,Single,4,0,3.0,165.33
0.0,21.0,5,Laptop & Accessory,1,Married,7,1,2.0,154.4
19.0,14.0,2,Laptop & Accessory,3,Married,6,0,3.0,189.34
4.0,22.0,5,Fashion,5,Married,4,0,8.0,196.4
7.0,16.0,4,Laptop & Accessory,3,Married,2,0,7.0,150.63
22.0,13.0,3,Fashion,4,Married,4,0,7.0,204.66
9.0,9.0,4,Laptop & Accessory,1,Married,4,0,8.0,182.62
5.0,27.0,4,Laptop & Accessory,3,Divorced,3,0,1.0,194.32
19.0,16.0,4,Laptop & Accessory,4,Married,10,0,16.0,148.48
1.0,15.0,3,Laptop & Accessory,1,Single,2,0,7.0,152.53
0.0,25.0,4,Mobile Phone,5,Married,2,0,7.0,140.66
5.0,10.0,4,Fashion,3,Married,11,0,3.0,261.75
21.0,22.0,3,Laptop & Accessory,3,Married,9,0,7.0,164.39
3.0,35.0,5,Mobile Phone,5,Single,3,0,5.0,162.85
2.0,13.0,3,Laptop & Accessory,1,Married,2,1,0.0,166.23
0.0,30.0,5,Mobile Phone,2,Single,2,1,0.0,111.18
18.0,8.0,5,Laptop & Accessory,3,Single,1,0,1.0,166.32
1.0,15.0,6,Mobile Phone,3,Divorced,3,0,3.0,171.21
9.0,8.0,3,Mobile,5,Divorced,7,1,2.0,120.42
9.0,16.0,3,Fashion,5,Married,8,1,7.0,183.21
31.0,8.0,6,Fashion,1,Married,5,0,1.0,233.83
1.0,21.0,4,Fashion,2,Single,2,1,8.0,200.53
9.0,27.0,4,Mobile,4,Single,2,1,0.0,121.21
1.0,7.0,6,Mobile Phone,4,Single,9,1,8.0,147.16
14.0,6.0,4,Others,3,Married,2,0,10.0,291.89
13.0,7.0,2,Fashion,1,Married,2,0,3.0,221.13
24.0,17.0,4,Grocery,4,Single,4,0,3.0,231.42
5.0,8.0,3,Laptop & Accessory,4,Married,1,0,6.0,154.7
7.0,8.0,4,Laptop & Accessory,5,Married,7,0,9.0,159.57
0.0,10.0,1,Laptop & Accessory,4,Married,2,1,3.0,161.42
8.0,9.0,4,Laptop & Accessory,2,Single,3,0,5.0,187.74
7.0,11.0,4,Laptop & Accessory,4,Married,7,0,8.0,155.55
26.0,32.0,5,Grocery,1,Married,5,0,1.0,263.26
2.0,16.0,4,Laptop & Accessory,3,Single,10,0,4.0,158.69
7.0,27.0,1,Laptop & Accessory,1,Single,2,0,7.0,153.37
5.0,9.0,4,Laptop & Accessory,1,Single,6,1,6.0,190.82
9.0,16.0,3,Fashion,1,Single,2,0,7.0,199.8
4.0,12.0,4,Mobile Phone,5,Married,7,0,31.0,157.04
4.0,9.0,4,Mobile Phone,4,Married,3,0,1.0,149.76
2.0,7.0,3,Mobile Phone,1,Married,2,0,2.0,137.6
9.0,8.0,1,Mobile,1,Married,2,0,7.0,120.11
12.0,9.0,2,Laptop & Accessory,5,Single,8,1,13.0,184.8
19.0,21.0,3,Others,4,Divorced,6,0,3.0,290.81
5.0,9.0,4,Mobile Phone,3,Married,3,0,4.0,159.77
9.0,9.0,3,Mobile,1,Married,6,0,0.0,128.35
19.0,27.0,6,Fashion,5,Married,4,1,8.0,233.51
13.0,11.0,4,Fashion,5,Divorced,6,1,12.0,204.75
15.0,15.0,4,Others,1,Single,9,0,1.0,296.13
9.0,6.0,3,Laptop & Accessory,2,Single,5,0,0.0,166.53
6.0,12.0,2,Mobile Phone,4,Married,2,1,6.0,157.98
13.0,9.0,4,Mobile,3,Divorced,2,1,2.0,126.83
9.0,6.0,3,Mobile,1,Married,2,0,3.0,120.44
16.0,33.0,3,Fashion,5,Divorced,9,0,1.0,208.2
17.0,11.0,5,Fashion,1,Single,5,0,3.0,227.31
8.0,7.0,4,Fashion,1,Single,3,0,3.0,223.88
18.0,9.0,4,Fashion,3,Single,7,1,3.0,227.09
10.0,27.0,3,Mobile,1,Married,6,0,0.0,129.73
22.0,7.0,2,Grocery,1,Single,4,0,2.0,293.85
30.0,13.0,1,Laptop & Accessory,1,Married,1,1,9.0,152.2
24.0,9.0,4,Grocery,3,Married,7,0,4.0,301.39
8.0,29.0,5,Laptop & Accessory,1,Married,3,1,12.0,182.47
30.0,18.0,5,Laptop & Accessory,5,Married,6,0,1.0,178.8
2.0,33.0,5,Laptop & Accessory,5,Married,3,0,5.0,172.24
14.0,12.0,3,Fashion,2,Single,4,1,0.0,235.91000000000005
1.0,6.0,5,Mobile Phone,3,Single,3,0,3.0,155.33
1.0,10.0,4,Mobile Phone,1,Married,3,0,1.0,145.61
13.0,8.0,3,Others,3,Married,1,0,12.0,280.41
15.0,29.0,3,Grocery,1,Single,3,0,0.0,259.92
5.0,25.0,1,Mobile,3,Married,7,1,2.0,127.59
16.0,22.0,3,Grocery,2,Divorced,6,1,9.0,260.64
16.0,20.0,3,Grocery,5,Married,7,0,0.0,271.59
14.0,9.0,4,Laptop & Accessory,4,Married,3,0,4.0,189.38
2.0,13.0,3,Mobile,1,Married,5,0,7.0,125.14
19.0,8.0,4,Fashion,4,Married,3,0,8.0,199.41
28.0,24.0,4,Fashion,3,Divorced,10,0,9.0,232.39
9.0,30.0,6,Mobile Phone,3,Married,2,0,4.0,152.05
12.0,14.0,3,Laptop & Accessory,5,Married,3,1,8.0,181.05
4.0,8.0,5,Mobile,1,Married,5,1,0.0,127.78
0.0,13.0,4,Mobile,5,Single,1,1,2.0,123.21
0.0,11.0,4,Fashion,1,Married,2,1,3.0,228.08
20.0,32.0,3,Others,3,Married,4,0,0.0,296.58
12.0,9.0,4,Mobile Phone,4,Married,7,0,9.0,150.92
11.0,8.0,3,Mobile,3,Divorced,7,1,1.0,130.57
8.0,6.0,4,Laptop & Accessory,2,Divorced,1,0,0.0,153.63
15.0,8.0,3,Others,3,Married,6,0,14.0,288.8
13.0,9.0,4,Fashion,3,Single,2,0,9.0,234.38
0.0,15.0,3,Mobile,5,Single,2,0,2.0,127.28
25.0,6.0,3,Grocery,2,Divorced,3,0,8.0,270.99
4.0,24.0,4,Fashion,5,Divorced,3,1,9.0,244.16000000000005
8.0,15.0,4,Laptop & Accessory,5,Married,5,0,1.0,176.21
12.0,12.0,1,Fashion,3,Married,3,0,6.0,182.37
0.0,11.0,4,Fashion,2,Married,2,1,3.0,228.08
13.0,14.0,3,Laptop & Accessory,1,Married,4,1,2.0,140.69
17.0,21.0,4,Grocery,5,Divorced,8,0,1.0,296.59
23.0,34.0,1,Mobile,3,Married,2,1,8.0,132.21
1.0,12.0,2,Mobile Phone,3,Single,5,1,4.0,149.32
16.0,33.0,4,Grocery,4,Married,7,0,9.0,260.25
1.0,27.0,4,Fashion,3,Divorced,5,0,3.0,223.24
13.0,28.0,5,Laptop & Accessory,2,Divorced,5,1,5.0,186.2
0.0,6.0,3,Laptop & Accessory,3,Divorced,2,0,7.0,152.96
13.0,7.0,5,Grocery,1,Married,3,0,9.0,252.42
8.0,22.0,4,Laptop & Accessory,5,Single,3,0,7.0,186.25
6.0,14.0,4,Laptop & Accessory,2,Divorced,6,0,3.0,217.04
12.0,5.0,4,Others,2,Divorced,2,0,3.0,292.72
9.0,8.0,4,Fashion,3,Married,2,0,0.0,175.96
1.0,15.0,4,Fashion,3,Single,3,0,3.0,212.26
0.0,8.0,3,Mobile,5,Married,1,0,2.0,130.41
0.0,8.0,1,Laptop & Accessory,3,Single,1,0,7.0,165.0
27.0,7.0,4,Laptop & Accessory,5,Single,9,0,11.0,208.81
13.0,15.0,4,Laptop & Accessory,2,Divorced,10,0,2.0,148.76
1.0,9.0,5,Mobile Phone,1,Single,3,0,1.0,150.64
10.0,7.0,4,Laptop & Accessory,4,Divorced,2,0,6.0,177.28
30.0,8.0,3,Grocery,4,Married,5,0,14.0,262.91
4.0,25.0,4,Mobile Phone,3,Single,3,0,5.0,151.32
5.0,9.0,6,Mobile Phone,1,Married,3,1,1.0,136.29
4.0,13.0,3,Fashion,5,Married,3,0,2.0,196.37
31.0,25.0,4,Fashion,2,Single,8,0,3.0,230.12
31.0,23.0,4,Laptop & Accessory,5,Single,10,0,3.0,179.05
25.0,14.0,3,Mobile,5,Divorced,10,0,4.0,129.5
13.0,15.0,3,Laptop & Accessory,5,Married,1,0,1.0,154.73
24.0,27.0,3,Laptop & Accessory,1,Single,1,1,0.0,154.41
7.0,25.0,4,Mobile,1,Married,2,0,7.0,129.29
15.0,34.0,4,Laptop & Accessory,2,Divorced,1,0,4.0,145.23
1.0,25.0,5,Mobile Phone,2,Single,3,1,2.0,148.89
9.0,19.0,3,Mobile,3,Divorced,2,0,6.0,120.96
1.0,13.0,2,Mobile Phone,5,Married,3,1,1.0,141.01
8.0,5.0,3,Fashion,5,Married,2,0,8.0,190.69
12.0,32.0,5,Fashion,4,Married,5,0,2.0,245.61
10.0,19.0,3,Laptop & Accessory,1,Married,2,0,7.0,142.85
16.0,9.0,4,Mobile Phone,3,Married,2,1,1.0,151.96
6.0,6.0,1,Laptop & Accessory,4,Divorced,2,1,2.0,154.88
1.0,9.0,5,Mobile Phone,1,Single,2,0,2.0,164.04
0.0,13.0,3,Mobile,5,Married,2,1,0.0,123.98
29.0,15.0,3,Grocery,2,Divorced,8,0,3.0,211.03
5.0,8.0,6,Laptop & Accessory,5,Married,3,0,8.0,175.03
17.0,6.0,1,Laptop & Accessory,5,Married,3,0,2.0,150.33
7.0,15.0,3,Laptop & Accessory,3,Divorced,2,0,3.0,157.14
1.0,9.0,4,Mobile Phone,4,Married,3,0,3.0,147.26
24.0,7.0,4,Grocery,2,Married,11,0,4.0,298.99
13.0,22.0,4,Grocery,5,Single,2,0,11.0,258.41
18.0,12.0,5,Mobile Phone,3,Single,5,0,4.0,156.62
18.0,31.0,3,Others,4,Single,4,0,0.0,280.61
15.0,29.0,4,Laptop & Accessory,1,Married,5,1,4.0,179.67
0.0,7.0,4,Laptop & Accessory,3,Single,2,0,2.0,146.17
8.0,8.0,3,Laptop & Accessory,4,Single,6,0,2.0,144.25
1.0,10.0,4,Mobile Phone,5,Single,3,1,8.0,158.48
9.0,16.0,2,Mobile,3,Divorced,4,1,7.0,122.13
2.0,15.0,4,Mobile Phone,1,Single,3,0,3.0,158.1
20.0,9.0,4,Fashion,1,Married,5,0,3.0,210.78
23.0,15.0,5,Grocery,4,Married,8,0,4.0,256.2
4.0,11.0,3,Mobile,4,Married,2,0,2.0,127.89
0.0,12.0,5,Laptop & Accessory,3,Married,5,1,7.0,161.72
3.0,31.0,4,Fashion,4,Single,3,1,0.0,190.94
12.0,17.0,3,Fashion,2,Divorced,2,0,7.0,176.54
2.0,16.0,4,Mobile Phone,3,Married,7,0,3.0,148.77
22.0,7.0,2,Grocery,2,Single,4,0,2.0,293.85
3.0,22.0,3,Laptop & Accessory,3,Married,9,0,2.0,153.01
0.0,13.0,4,Mobile,1,Married,6,0,3.0,123.67
8.0,17.0,4,Mobile Phone,3,Divorced,3,1,1.0,147.2
9.0,15.0,3,Mobile Phone,5,Married,2,0,0.0,117.9
9.0,29.0,3,Mobile,1,Single,10,0,2.0,122.01
14.0,23.0,5,Laptop & Accessory,3,Single,8,0,1.0,175.94
1.0,10.0,4,Mobile Phone,5,Married,7,0,3.0,165.31
1.0,8.0,4,Mobile Phone,3,Single,2,0,3.0,158.75
3.0,7.0,2,Laptop & Accessory,3,Single,10,1,3.0,187.94
30.0,6.0,3,Laptop & Accessory,3,Divorced,3,0,2.0,167.55
17.0,13.0,3,Mobile,1,Single,7,1,2.0,124.36
20.0,14.0,4,Fashion,3,Married,8,0,8.0,233.45
14.0,9.0,5,Mobile Phone,3,Single,4,0,3.0,153.09
1.0,10.0,4,Laptop & Accessory,3,Divorced,2,1,3.0,166.71
6.0,13.0,4,Laptop & Accessory,3,Single,3,0,8.0,175.1
2.0,9.0,5,Mobile Phone,4,Married,2,0,5.0,157.01
25.0,35.0,3,Mobile,1,Married,3,0,0.0,134.82
1.0,7.0,5,Mobile Phone,5,Divorced,3,1,1.0,148.19
13.0,8.0,4,Laptop & Accessory,1,Married,3,1,9.0,189.72
14.0,12.0,4,Laptop & Accessory,4,Single,7,1,2.0,160.32
20.0,10.0,4,Grocery,3,Divorced,5,0,10.0,299.65
17.0,13.0,4,Fashion,1,Married,4,0,17.0,202.48
30.0,6.0,3,Others,5,Divorced,4,1,5.0,297.01
3.0,28.0,4,Laptop & Accessory,3,Married,3,1,0.0,163.8
2.0,29.0,1,Mobile,3,Divorced,2,0,7.0,127.0
8.0,30.0,4,Laptop & Accessory,3,Single,2,0,8.0,170.68
14.0,25.0,3,Laptop & Accessory,5,Married,3,0,0.0,130.72
11.0,20.0,4,Laptop & Accessory,1,Married,3,0,8.0,167.85
7.0,21.0,3,Fashion,1,Married,2,0,5.0,179.78
0.0,19.0,3,Laptop & Accessory,3,Single,4,1,2.0,198.54
12.0,30.0,5,Fashion,3,Single,2,0,3.0,220.26
5.0,6.0,3,Laptop & Accessory,1,Married,2,1,8.0,161.62
5.0,11.0,4,Laptop & Accessory,4,Single,3,0,3.0,218.55
19.0,6.0,3,Mobile,5,Single,7,0,7.0,134.23
15.0,11.0,3,Others,3,Divorced,7,0,0.0,283.03
13.0,11.0,5,Laptop & Accessory,3,Married,6,0,10.0,184.02
16.0,13.0,3,Mobile,3,Single,5,0,2.0,124.38
13.0,13.0,3,Others,4,Single,2,0,8.0,298.33
9.0,25.0,4,Laptop & Accessory,3,Divorced,3,0,1.0,171.01
12.0,6.0,3,Others,3,Married,2,1,6.0,291.97
7.0,6.0,4,Laptop & Accessory,5,Single,1,0,9.0,153.43
10.0,35.0,3,Fashion,4,Divorced,2,1,3.0,218.49
9.0,8.0,4,Mobile,3,Single,2,0,2.0,120.44
0.0,24.0,1,Laptop & Accessory,3,Married,3,0,2.0,162.32
14.0,21.0,4,Laptop & Accessory,5,Married,3,0,3.0,171.39
0.0,26.0,3,Laptop & Accessory,3,Single,2,0,7.0,199.81
12.0,6.0,1,Fashion,1,Married,1,0,7.0,196.13
1.0,25.0,2,Laptop & Accessory,3,Married,4,0,3.0,187.32
15.0,17.0,4,Laptop & Accessory,2,Single,9,0,11.0,187.3
29.0,7.0,4,Fashion,1,Married,5,0,3.0,227.39
0.0,23.0,4,Laptop & Accessory,3,Married,2,0,2.0,143.77
0.0,8.0,4,Mobile,2,Single,8,0,0.0,127.85
10.0,22.0,6,Laptop & Accessory,1,Married,3,0,12.0,179.06
4.0,36.0,4,Fashion,4,Married,5,0,3.0,217.5
0.0,13.0,3,Mobile,3,Married,2,0,3.0,125.17
15.0,9.0,5,Laptop & Accessory,3,Single,4,1,8.0,193.11
3.0,33.0,3,Laptop & Accessory,1,Married,8,0,7.0,153.04
17.0,6.0,3,Laptop & Accessory,1,Married,5,1,2.0,157.43
7.0,12.0,3,Laptop & Accessory,3,Single,2,0,10.0,148.09
7.0,9.0,4,Laptop & Accessory,1,Married,3,0,5.0,180.05
4.0,9.0,5,Laptop & Accessory,1,Single,7,1,1.0,193.77
17.0,8.0,3,Fashion,3,Single,6,1,2.0,202.09
25.0,9.0,4,Fashion,3,Married,3,1,4.0,179.69
1.0,29.0,4,Laptop & Accessory,3,Married,3,1,8.0,186.79
7.0,16.0,4,Mobile Phone,2,Divorced,2,0,11.0,152.81
1.0,25.0,4,Mobile,5,Married,2,0,3.0,131.96
24.0,16.0,4,Mobile Phone,1,Married,6,0,1.0,148.8
10.0,17.0,4,Fashion,2,Single,3,0,3.0,224.8
8.0,12.0,5,Fashion,5,Single,4,0,9.0,241.31
2.0,33.0,5,Laptop & Accessory,5,Divorced,3,0,5.0,172.24
24.0,35.0,4,Grocery,5,Divorced,6,1,3.0,293.8
4.0,8.0,4,Mobile Phone,4,Married,3,0,8.0,162.48
12.0,19.0,4,Grocery,4,Married,7,1,2.0,271.23
1.0,15.0,6,Mobile Phone,5,Divorced,3,1,8.0,146.19
3.0,27.0,4,Laptop & Accessory,2,Married,4,0,3.0,194.31
24.0,7.0,4,Laptop & Accessory,3,Married,2,0,14.0,188.47
10.0,13.0,3,Laptop & Accessory,5,Married,6,1,4.0,142.84
8.0,6.0,3,Laptop & Accessory,3,Married,10,0,9.0,147.17
1.0,12.0,5,Mobile Phone,3,Single,2,0,1.0,154.66
8.0,13.0,3,Mobile,2,Divorced,2,0,2.0,125.72
4.0,15.0,3,Fashion,4,Married,2,0,8.0,206.48
0.0,11.0,1,Laptop & Accessory,5,Married,2,0,5.0,140.0
9.0,9.0,5,Fashion,4,Married,4,0,3.0,227.74
5.0,33.0,4,Mobile Phone,3,Married,3,0,4.0,154.11
1.0,15.0,4,Mobile Phone,5,Married,3,1,1.0,148.98
7.0,6.0,4,Fashion,5,Divorced,10,0,6.0,204.82
1.0,34.0,4,Fashion,2,Divorced,3,0,10.0,201.39
5.0,8.0,3,Mobile,5,Married,2,0,0.0,128.27
9.0,21.0,5,Mobile,2,Divorced,1,1,3.0,121.68
0.0,13.0,3,Mobile,5,Single,6,1,4.0,126.57
2.0,23.0,2,Laptop & Accessory,5,Single,2,0,8.0,181.61
8.0,7.0,5,Mobile Phone,2,Divorced,3,1,4.0,161.22
16.0,33.0,1,Mobile Phone,4,Married,6,0,2.0,148.76
1.0,16.0,4,Laptop & Accessory,5,Married,6,0,8.0,178.46
3.0,17.0,5,Laptop & Accessory,3,Single,11,0,5.0,183.69
6.0,12.0,4,Mobile Phone,4,Single,4,0,8.0,152.18
14.0,15.0,5,Fashion,4,Married,4,0,9.0,262.57
0.0,29.0,4,Laptop & Accessory,3,Married,2,0,8.0,135.4
11.0,7.0,4,Mobile Phone,2,Single,3,0,8.0,146.15
20.0,9.0,4,Grocery,5,Married,10,0,10.0,295.48
0.0,18.0,3,Laptop & Accessory,1,Single,4,1,7.0,145.81
10.0,7.0,4,Laptop & Accessory,4,Married,2,0,6.0,177.28
18.0,31.0,6,Mobile Phone,3,Single,4,0,5.0,162.08
24.0,7.0,4,Others,4,Married,5,1,8.0,306.72
12.0,30.0,4,Laptop & Accessory,1,Married,11,0,3.0,182.45
21.0,13.0,3,Laptop & Accessory,5,Married,5,0,2.0,154.86
27.0,14.0,3,Laptop & Accessory,3,Single,8,0,0.0,137.8
13.0,17.0,4,Laptop & Accessory,5,Married,4,0,8.0,178.77
1.0,23.0,4,Fashion,3,Married,4,0,1.0,206.61
1.0,24.0,5,Mobile Phone,4,Married,3,0,1.0,146.27
7.0,32.0,4,Laptop & Accessory,3,Divorced,3,0,2.0,170.39
15.0,12.0,3,Fashion,5,Married,10,0,7.0,233.48
4.0,10.0,3,Laptop & Accessory,4,Single,2,0,7.0,193.55
10.0,10.0,4,Laptop & Accessory,4,Single,5,1,3.0,217.78
13.0,14.0,3,Laptop & Accessory,3,Married,4,1,3.0,167.96
1.0,8.0,6,Mobile Phone,3,Single,3,0,1.0,138.59
1.0,24.0,4,Mobile Phone,3,Married,2,1,1.0,152.41
2.0,19.0,4,Laptop & Accessory,4,Married,5,1,3.0,140.25
1.0,7.0,4,Mobile Phone,4,Single,3,1,3.0,148.02
20.0,14.0,4,Laptop & Accessory,3,Married,4,0,1.0,177.58
11.0,8.0,3,Laptop & Accessory,5,Married,4,0,7.0,168.93
10.0,27.0,3,Mobile,2,Divorced,6,0,0.0,129.73
7.0,15.0,3,Fashion,2,Married,1,0,6.0,185.0
25.0,12.0,3,Laptop & Accessory,5,Married,4,1,9.0,155.77
1.0,36.0,4,Laptop & Accessory,3,Married,7,0,1.0,168.06
23.0,6.0,3,Laptop & Accessory,3,Divorced,1,0,13.0,163.47
8.0,33.0,5,Mobile Phone,3,Married,3,0,1.0,145.29
14.0,35.0,6,Fashion,5,Married,5,0,2.0,234.32
21.0,11.0,4,Laptop & Accessory,3,Single,5,0,1.0,154.76
25.0,33.0,4,Grocery,3,Married,4,0,18.0,288.07
21.0,9.0,4,Others,4,Single,9,1,9.0,317.46
1.0,12.0,4,Mobile Phone,4,Single,3,1,3.0,149.78
25.0,7.0,4,Mobile Phone,2,Divorced,3,0,1.0,152.23
0.0,35.0,4,Laptop & Accessory,3,Single,2,0,8.0,145.08
9.0,27.0,4,Mobile,5,Married,1,0,0.0,122.96
2.0,15.0,4,Mobile Phone,1,Single,1,0,2.0,139.83
17.0,33.0,4,Grocery,1,Married,3,1,13.0,294.59
30.0,30.0,4,Grocery,4,Married,6,1,10.0,259.02
0.0,18.0,1,Mobile,4,Single,2,0,0.0,127.16
9.0,13.0,3,Mobile Phone,3,Married,2,0,0.0,112.74
14.0,16.0,4,Others,1,Married,4,0,6.0,291.41
22.0,9.0,2,Mobile Phone,4,Single,7,0,1.0,150.59
15.0,35.0,5,Grocery,4,Married,2,0,11.0,260.7
11.0,13.0,3,Mobile,3,Married,3,1,7.0,126.55
18.0,36.0,4,Laptop & Accessory,1,Single,3,0,18.0,170.41
11.0,7.0,4,Mobile Phone,1,Single,3,0,8.0,146.15
23.0,13.0,4,Others,3,Married,6,1,8.0,287.4
9.0,14.0,2,Fashion,5,Divorced,10,0,3.0,217.13
7.0,14.0,4,Laptop & Accessory,3,Married,3,0,9.0,184.68
21.0,13.0,3,Mobile,5,Married,9,0,6.0,123.67
24.0,11.0,4,Others,4,Married,5,0,7.0,316.44
28.0,6.0,4,Laptop & Accessory,3,Single,9,0,1.0,162.8
9.0,8.0,1,Mobile,2,Divorced,2,0,7.0,120.11
3.0,27.0,4,Mobile Phone,1,Married,3,0,11.0,163.12
5.0,19.0,4,Mobile Phone,2,Divorced,10,1,3.0,164.29
10.0,9.0,4,Mobile Phone,3,Single,6,0,10.0,150.19
4.0,32.0,5,Fashion,4,Single,4,1,3.0,215.94
1.0,21.0,5,Mobile Phone,4,Married,3,1,3.0,162.43
10.0,13.0,3,Fashion,3,Single,5,0,2.0,236.64
15.0,26.0,4,Laptop & Accessory,5,Married,4,0,1.0,155.72
12.0,14.0,3,Mobile Phone,3,Married,2,0,7.0,137.55
8.0,13.0,4,Mobile,2,Divorced,2,0,2.0,123.76
5.0,13.0,1,Mobile,4,Married,2,0,3.0,127.94
17.0,9.0,3,Others,1,Married,5,1,1.0,295.13
8.0,17.0,4,Mobile Phone,3,Married,3,1,1.0,147.2
14.0,13.0,1,Mobile,3,Married,2,0,8.0,133.76
3.0,18.0,3,Laptop & Accessory,3,Single,1,0,4.0,165.77
1.0,32.0,4,Laptop & Accessory,5,Divorced,2,0,4.0,147.24
8.0,15.0,4,Laptop & Accessory,4,Single,10,0,0.0,165.4
0.0,11.0,3,Mobile,3,Single,2,1,2.0,134.41
27.0,14.0,4,Others,3,Married,5,0,8.0,311.06
9.0,18.0,4,Laptop & Accessory,2,Married,3,0,3.0,174.68
6.0,8.0,3,Laptop & Accessory,4,Single,9,0,7.0,151.47
18.0,13.0,3,Laptop & Accessory,4,Married,9,0,15.0,123.48
23.0,7.0,5,Grocery,3,Single,9,1,8.0,264.64
25.0,9.0,4,Grocery,5,Divorced,2,0,16.0,268.56
1.0,16.0,4,Laptop & Accessory,5,Single,5,1,4.0,207.24
12.0,9.0,5,Mobile Phone,4,Single,3,0,4.0,149.4
19.0,8.0,3,Grocery,5,Married,9,0,9.0,270.48
5.0,12.0,4,Laptop & Accessory,3,Married,3,0,3.0,208.46
10.0,14.0,4,Mobile Phone,1,Single,4,0,2.0,171.78
11.0,18.0,4,Mobile Phone,3,Single,6,0,3.0,161.29
9.0,15.0,2,Mobile Phone,1,Married,3,0,2.0,147.69
1.0,17.0,2,Mobile Phone,3,Single,3,0,3.0,160.05
21.0,21.0,4,Laptop & Accessory,4,Married,10,0,8.0,179.67
1.0,16.0,5,Mobile Phone,5,Divorced,5,0,3.0,169.0
0.0,16.0,3,Mobile Phone,3,Single,2,1,1.0,110.09
9.0,14.0,3,Laptop & Accessory,2,Married,5,0,7.0,150.79
0.0,34.0,3,Laptop & Accessory,4,Divorced,2,0,4.0,162.72
17.0,13.0,3,Mobile,5,Married,2,1,1.0,125.59
6.0,22.0,4,Laptop & Accessory,1,Married,7,0,3.0,191.67
6.0,31.0,4,Laptop & Accessory,2,Divorced,3,0,8.0,178.09
15.0,23.0,1,Laptop & Accessory,5,Single,4,1,2.0,165.45
1.0,32.0,6,Mobile Phone,3,Single,3,0,2.0,147.93
1.0,7.0,5,Fashion,3,Divorced,7,0,3.0,231.09
22.0,24.0,4,Others,3,Married,2,1,9.0,295.02
1.0,25.0,4,Laptop & Accessory,3,Married,2,1,3.0,171.14
8.0,6.0,4,Mobile,3,Single,2,0,4.0,128.59
30.0,16.0,4,Mobile Phone,3,Married,4,0,4.0,154.42
4.0,15.0,2,Fashion,5,Married,2,1,8.0,239.16000000000005
21.0,33.0,4,Others,3,Married,5,0,1.0,321.58
1.0,7.0,4,Mobile Phone,1,Married,11,1,3.0,172.87
18.0,15.0,3,Fashion,5,Married,5,1,2.0,207.61
23.0,29.0,4,Grocery,4,Married,5,0,3.0,289.13
4.0,6.0,3,Laptop & Accessory,2,Single,9,1,5.0,159.93
20.0,10.0,3,Laptop & Accessory,1,Single,2,1,7.0,141.63
9.0,29.0,3,Laptop & Accessory,4,Married,5,0,2.0,120.42
26.0,13.0,2,Grocery,3,Divorced,4,0,3.0,248.14
9.0,6.0,3,Mobile,3,Single,1,0,5.0,120.58
5.0,14.0,4,Laptop & Accessory,4,Divorced,2,1,9.0,152.28
9.0,9.0,6,Others,4,Single,4,1,12.0,313.24
1.0,27.0,4,Laptop & Accessory,3,Single,2,0,3.0,147.72
9.0,23.0,4,Fashion,4,Divorced,2,0,10.0,205.2
1.0,20.0,4,Laptop & Accessory,4,Single,7,0,1.0,182.65
13.0,8.0,3,Laptop & Accessory,4,Married,8,0,3.0,157.15
11.0,14.0,4,Laptop & Accessory,5,Married,7,1,5.0,167.84
0.0,13.0,5,Mobile,5,Single,1,0,0.0,123.25
5.0,9.0,6,Mobile Phone,2,Married,6,1,1.0,152.78
6.0,9.0,4,Mobile Phone,5,Single,3,0,3.0,149.39
4.0,29.0,4,Laptop & Accessory,2,Divorced,1,0,8.0,155.82
8.0,10.0,6,Laptop & Accessory,5,Single,5,0,13.0,172.59
6.0,15.0,3,Mobile,2,Divorced,1,0,10.0,127.81
5.0,13.0,4,Mobile,4,Divorced,7,0,2.0,123.32
18.0,10.0,3,Laptop & Accessory,4,Married,2,0,8.0,144.47
1.0,29.0,5,Mobile Phone,4,Married,3,0,1.0,153.63
12.0,12.0,3,Fashion,4,Single,5,0,2.0,183.76
0.0,15.0,4,Laptop & Accessory,5,Single,8,0,3.0,134.07
8.0,9.0,5,Laptop & Accessory,5,Divorced,8,0,10.0,184.57
9.0,21.0,3,Mobile Phone,1,Single,2,0,0.0,112.32
3.0,31.0,3,Laptop & Accessory,3,Married,8,1,2.0,147.36
3.0,30.0,4,Mobile Phone,2,Single,11,0,3.0,147.01
20.0,9.0,4,Others,1,Married,9,1,3.0,318.28
4.0,19.0,4,Laptop & Accessory,3,Single,2,0,5.0,190.77
29.0,25.0,4,Laptop & Accessory,4,Married,5,1,8.0,188.85
11.0,12.0,5,Laptop & Accessory,1,Married,8,1,9.0,153.29
14.0,27.0,4,Fashion,1,Married,6,0,3.0,228.22
9.0,33.0,3,Mobile,4,Single,3,0,2.0,123.11
9.0,34.0,3,Mobile,1,Married,5,0,3.0,121.32
16.0,30.0,3,Fashion,5,Single,7,1,2.0,204.48
8.0,7.0,4,Mobile Phone,2,Divorced,3,0,9.0,151.91
8.0,28.0,5,Mobile Phone,3,Single,1,0,3.0,142.3
8.0,15.0,4,Laptop & Accessory,5,Married,7,0,3.0,190.0
20.0,8.0,4,Mobile Phone,5,Single,8,0,8.0,159.23
12.0,13.0,5,Mobile Phone,3,Married,3,0,5.0,162.02
10.0,13.0,3,Mobile,1,Married,2,1,2.0,123.26
1.0,33.0,4,Mobile Phone,1,Married,3,0,3.0,154.04
27.0,17.0,3,Grocery,1,Married,4,0,12.0,260.32
1.0,14.0,3,Mobile,2,Single,2,0,2.0,133.1
4.0,8.0,4,Mobile Phone,3,Married,2,0,4.0,145.64
1.0,8.0,4,Mobile Phone,3,Married,3,0,2.0,137.23
9.0,15.0,4,Mobile Phone,3,Single,3,0,5.0,168.23
9.0,22.0,3,Mobile,3,Single,2,0,4.0,121.44
9.0,13.0,3,Mobile Phone,1,Single,3,0,1.0,146.78
0.0,31.0,1,Mobile,2,Single,2,1,1.0,129.94
0.0,22.0,1,Mobile,5,Single,2,0,14.0,127.43
0.0,13.0,4,Fashion,2,Married,10,0,3.0,215.57
10.0,10.0,4,Mobile Phone,4,Divorced,3,0,8.0,161.92
7.0,13.0,1,Mobile,3,Married,1,0,0.0,125.85
8.0,17.0,4,Mobile Phone,3,Single,3,1,3.0,154.36
0.0,13.0,3,Mobile,3,Divorced,2,1,2.0,128.86
2.0,28.0,2,Fashion,4,Married,8,0,3.0,219.96
1.0,36.0,4,Mobile Phone,5,Married,3,0,3.0,164.07
5.0,11.0,4,Laptop & Accessory,4,Married,4,0,5.0,158.78
6.0,13.0,4,Mobile,1,Single,1,0,2.0,123.42
6.0,7.0,5,Mobile Phone,4,Divorced,8,0,3.0,148.32
13.0,21.0,4,Fashion,3,Married,2,0,12.0,204.35
9.0,15.0,5,Fashion,2,Divorced,6,1,3.0,228.77
0.0,31.0,3,Mobile,3,Married,2,0,7.0,129.42
28.0,8.0,3,Fashion,4,Divorced,4,0,3.0,209.76
8.0,17.0,2,Laptop & Accessory,1,Married,3,0,3.0,172.24
4.0,29.0,4,Laptop & Accessory,1,Married,1,0,8.0,155.82
1.0,15.0,5,Mobile Phone,3,Single,3,1,3.0,164.89
7.0,13.0,4,Laptop & Accessory,2,Married,5,0,8.0,202.25
19.0,18.0,4,Grocery,2,Divorced,5,0,2.0,301.5
7.0,23.0,4,Laptop & Accessory,1,Married,3,1,3.0,178.68
1.0,6.0,4,Laptop & Accessory,1,Married,2,1,7.0,168.34
22.0,31.0,3,Mobile,5,Married,2,0,4.0,132.11
8.0,8.0,4,Fashion,4,Married,3,0,4.0,202.74
17.0,6.0,3,Laptop & Accessory,5,Married,6,1,3.0,154.54
26.0,13.0,1,Grocery,3,Married,4,0,3.0,248.14
1.0,15.0,5,Mobile Phone,1,Married,8,0,3.0,146.8
30.0,30.0,1,Fashion,1,Married,4,1,4.0,194.39
0.0,13.0,3,Mobile,2,Divorced,6,1,4.0,124.36
1.0,9.0,2,Mobile Phone,5,Single,9,0,2.0,159.24
19.0,8.0,3,Grocery,3,Married,7,0,1.0,278.61
13.0,15.0,4,Mobile Phone,3,Married,3,0,8.0,162.55
1.0,7.0,5,Laptop & Accessory,1,Married,1,0,5.0,166.74
5.0,7.0,6,Laptop & Accessory,5,Married,3,0,8.0,175.03
11.0,13.0,4,Laptop & Accessory,2,Single,1,0,5.0,140.28
29.0,14.0,3,Mobile Phone,5,Married,5,1,2.0,142.57
9.0,11.0,4,Mobile,5,Married,10,1,0.0,134.19
0.0,13.0,3,Mobile,2,Divorced,1,0,1.0,124.0
8.0,8.0,5,Others,4,Single,3,1,11.0,288.24
10.0,25.0,3,Laptop & Accessory,3,Married,4,0,2.0,157.68
3.0,6.0,3,Laptop & Accessory,1,Single,2,0,7.0,140.11
14.0,31.0,4,Laptop & Accessory,1,Married,3,0,8.0,158.19
3.0,20.0,5,Laptop & Accessory,4,Married,6,1,4.0,165.25
